{
    "modPriorities": [
        "emendatusenigmatica",
        "minecraft",
        "ftbic",
        "thermal",
        "immersiveengineering",
        "mekanism",
        "kubejs",
        "pneumaticcraft",
        "create",
        "occultism",
        "industrialforegoing",
        "tconstruct",
        "botania",
        "quark",
        "pedestals",
        "refinedstorage",
        "mapperbase",
        "bloodmagic",
        "eidolon",
        "morevanillalib",
        "titanium",
        "mythicbotany",
        "undergarden",
        "byg",
        "atum",
        "betterendforge",
        "miniutilities",
        "chipped",
        "chisel",
        "voluminousenergy",
        "assemblylinemachines",
        "malum"
    ],
    "stoneStrata": ["stone", "nether", "deepslate", "granite", "diorite", "andesite"],
    "tags": [
        "forge:nuggets/{material}",
        "forge:dusts/{material}",
        "forge:gears/{material}",
        "forge:gems/{material}",
        "forge:ingots/{material}",
        "forge:raw_materials/{material}",
        "forge:ores/{material}",
        "forge:plates/{material}",
        "forge:rods/{material}",
        "forge:storage_blocks/{material}",
        "forge:wires/{material}",
        "forge:storage_blocks/raw_{material}",
        "forge:coal_coke",
        "forge:slag"
    ],
    "materials": [
        "aeternium",
        "aluminum",
        "amber",
        "apatite",
        "bitumen",
        "brass",
        "bronze",
        "charcoal",
        "cinnabar",
        "coal",
        "coal_coke",
        "cobalt",
        "constantan",
        "copper",
        "diamond",
        "electrum",
        "elementium",
        "emerald",
        "enderium",
        "fluorite",
        "gold",
        "invar",
        "iridium",
        "iron",
        "lapis",
        "lead",
        "lumium",
        "netherite",
        "nickel",
        "obsidian",
        "osmium",
        "peridot",
        "platinum",
        "potassium_nitrate",
        "ruby",
        "sapphire",
        "signalum",
        "silver",
        "steel",
        "sulfur",
        "tin",
        "uranium",
        "zinc"
    ],
    "ignoredTags": [],
    "ignoredRecipeTypes": ["cucumber:shaped_tag"],
    "ignoredRecipes": [],
    "itemsHidingJeiRei": true
}
