{
  "name": "diamond",
  "disable": false,
  "tier": 4,
  "color": "4cf4e0",
  "armorPoints": 4,
  "enchantability": 10,
  "craftingMaterial": "tag:forge:gems/diamond",
  "creative": false,
  "rarity": 0,
  "toughness": 0.0,
  "knockbackResistance": 0.0,
  "capacity": 30000000,
  "usage": 650,
  "speedVertical": 0.9,
  "accelVertical": 0.15,
  "speedSideways": 0.19,
  "speedHoverAscend": 0.41,
  "speedHoverDescend": 0.25,
  "speedHover": 0.005,
  "sprintSpeedMulti": 1.8,
  "sprintSpeedMultiVertical": 1.4,
  "sprintFuelMulti": 3.8,
  "curios": true
}