{
  "name": "platinum",
  "disable": false,
  "tier": 4,
  "color": "a6e9ff",
  "armorPoints": 4,
  "enchantability": 12,
  "craftingMaterial": "tag:forge:ingots/platinum",
  "creative": false,
  "rarity": 0,
  "toughness": 0.0,
  "knockbackResistance": 0.0,
  "capacity": 36000000,
  "usage": 720,
  "speedVertical": 0.92,
  "accelVertical": 0.155,
  "speedSideways": 0.193,
  "speedHoverAscend": 0.42,
  "speedHoverDescend": 0.25,
  "speedHover": 0.005,
  "sprintSpeedMulti": 1.8,
  "sprintSpeedMultiVertical": 1.4,
  "sprintFuelMulti": 3.8,
  "curios": true
}